{"(1, 1, 1, 0, 0, 0)": {"0": 0.0001667057293316485, "1": -0.000859304815972414, "2": -6.861121288855525e-05, "3": 0.0035312006491719328}, "(1, 1, 1, 1, 0, 1)": {"0": 0.0002758569763651374, "1": 0.00014628474883486263, "2": 0.0028427206685862575, "3": 0.00314498125088731}, "(0, 0, 1, 0, 1, 0)": {"0": 0.000269274307034112, "1": 0.004069532478796852, "2": -0.000888021611683855, "3": 0.00016816814489446148}, "(1, 1, 1, 1, 1, 0)": {"0": 0.0027908406150349042, "1": 0.002310227328907516, "2": 0.002574794535243276, "3": 0.0030851062549753358}, "(0, 1, 1, 0, 0, 1)": {"0": 0.00025384320813484157, "1": -0.0040110296284451155, "2": 0.001421105895071956, "3": 0.003359359664933283}, "(1, 1, 0, 0, 1, 0)": {"0": 0.0002507057383358231, "1": 0.0028797635941794526, "2": 0.001853640890870672, "3": 0.003799889160006769}, "(1, 0, 1, 1, 0, 0)": {"0": 0.0010268017459715058, "1": 0.002487090730206691, "2": 0.0011229157893949363, "3": 0.002837421511762043}, "(1, 0, 0, 0, 0, 0)": {"0": 0.00010490875887416741, "1": -0.00019324673720706823, "2": 0.0036523454443332746, "3": 0.0016238816840061935}, "(0, 1, 0, 1, 0, 0)": {"0": 0.002513410281117774, "1": 0.009265501502808228, "2": 0.004885413480319713, "3": 0.0023902648422469705}, "(1, 0, 0, 1, 1, 1)": {"0": 0.0016541096583560656, "1": 0.00226978316385575, "2": 0.00012860856877234075, "3": 0.005253840160480647}, "(1, 0, 1, 0, 1, 1)": {"0": 0.00020903900586741083, "1": 0.0008387933260216255, "2": 0.003607438267650329, "3": 0.0038521734596530448}, "(1, 1, 0, 1, 1, 0)": {"0": 0.002338844060802734, "1": 0.003242477794298244, "2": 0.0030069579802805496, "3": 0.0045292205119004635}, "(0, 1, 0, 0, 0, 1)": {"0": 0.002599631055077413, "1": 0.002772840562300433, "2": 0.00755443133279343, "3": 0.0008087272941612737}, "(0, 1, 1, 1, 1, 1)": {"0": 0.0045725160563158665, "1": 0.00014041250813434983, "2": 0.002272603711127486, "3": 0.0018768838989625463}, "(0, 0, 1, 0, 0, 1)": {"0": 0.0029170571093574864, "1": 0.0, "2": 0.0, "3": 0.0}, "(0, 0, 0, 1, 1, 0)": {"0": 0.0008357591137447012, "1": 0.00016628299543250088, "2": 0.0018733085943202427, "3": 0.005385320313138174}, "(0, 0, 1, 1, 0, 0)": {"0": 0.005133701613618681, "1": 0.0005129966945461586, "2": 0.000965880733362605, "3": 8.795575826984045e-05}, "(1, 1, 0, 1, 0, 1)": {"0": 0.0010871995959049847, "1": 0.004331162988049716, "2": 0.0033378497360467096, "3": 0.005094395322089318}, "(1, 1, 1, 0, 1, 1)": {"0": 0.0013810746253874436, "1": 0.001617178166543235, "2": 0.0015115112523846326, "3": 0.0031438968975134015}, "(1, 1, 0, 0, 0, 1)": {"0": 0.0015024710072557412, "1": 0.005539422010991917, "2": 0.0026178912070940028, "3": 0.0014362329818633148}, "(1, 0, 0, 0, 1, 1)": {"0": 0.0009301362769572329, "1": 0.00197339036483948, "2": 0.002511972238307148, "3": 0.005648140108715829}, "(1, 0, 1, 1, 1, 1)": {"0": 0.0026744158072602806, "1": -0.002962444500465282, "2": -0.0004738572283031757, "3": 0.00309937235245562}, "(1, 1, 1, 1, 0, 0)": {"0": -2.855295836452071e-05, "1": 0.00010573581626196665, "2": -0.0005795824379161328, "3": 0.0033599564695615267}, "(0, 1, 1, 0, 0, 0)": {"0": -1.34810140464743e-05, "1": -0.0010748692850327118, "2": 0.0016358127770406982, "3": 0.003666417977533887}, "(0, 1, 1, 0, 1, 1)": {"0": 0.004194666677185436, "1": 0.008347636859749064, "2": 0.004180541558853421, "3": 0.0015585247037610641}, "(1, 0, 1, 0, 1, 0)": {"0": 0.0031757296391314188, "1": 0.0027867319175780567, "2": 0.0021248594180794276, "3": 0.005188516823502756}, "(0, 1, 0, 1, 1, 1)": {"0": 0.0014950497485000797, "1": 0.0013923312944745152, "2": 0.0011065126849292997, "3": 0.004980587384912933}, "(1, 0, 0, 1, 0, 1)": {"0": 0.0015254144863491577, "1": 0.010435529987907427, "2": 9.42037328592211e-05, "3": 1.4931138977083425e-05}, "(0, 0, 1, 1, 1, 1)": {"0": 0.0016875483486540638, "1": 0.0007700464871965971, "2": 0.0031298182964623047, "3": 0.004192114257606433}, "(1, 0, 0, 1, 1, 0)": {"0": 0.003842451187956301, "1": 0.005888174118692237, "2": 0.003615803476298779, "3": 0.004218755295854085}, "(0, 1, 1, 1, 1, 0)": {"0": 0.0022347202982054264, "1": 0.0010594689994504092, "2": 0.0022169433870238555, "3": 0.0034809089221300143}, "(0, 0, 1, 0, 0, 0)": {"0": 0.0018002273165931453, "1": 0.0009536956496666529, "2": -0.00048397303247153545, "3": 0.0035933525489560063}, "(0, 0, 0, 0, 1, 1)": {"0": 0.008035778850324148, "1": 0.0, "2": 0.0, "3": 0.0}, "(0, 1, 0, 0, 0, 0)": {"0": 0.005739612004162432, "1": 0.003955103817190861, "2": 3.562513986917915e-05, "3": 0.0005653596855955045}, "(0, 0, 0, 1, 0, 1)": {"0": 0.002489108339310342, "1": -0.0003569980530144161, "2": 0.0014305760464902485, "3": 0.00020327810479145764}, "(0, 1, 0, 0, 1, 1)": {"0": -7.658716196118565e-05, "1": -0.0011831660078969162, "2": 0.00029801420179580845, "3": 0.002916336651903923}, "(1, 0, 1, 0, 0, 1)": {"0": 0.00025113612878270136, "1": 0.007054475721194051, "2": 0.0031722122421572628, "3": 0.0014969609797036245}, "(1, 1, 1, 0, 0, 1)": {"0": 0.0019921873464300867, "1": 0.0018516849847211338, "2": 0.0020880512921747567, "3": 0.002976495598740017}, "(1, 1, 0, 1, 0, 0)": {"0": 0.004102226079054383, "1": 0.003776167057340236, "2": 0.0008667512077472455, "3": 0.004723724923305896}, "(1, 1, 1, 0, 1, 0)": {"0": 0.002082580139154376, "1": -0.0005572066446745229, "2": 0.0023105848318930584, "3": 0.003487119600832188}, "(1, 0, 1, 1, 0, 1)": {"0": -0.0005729094653885377, "1": -0.0029624238330954672, "2": 0.0016166201429090724, "3": 0.0028152712551515395}, "(0, 1, 1, 1, 0, 1)": {"0": 0.0008197918520322807, "1": 0.002787648970007204, "2": 0.003575107755797319, "3": 0.00424719246096409}, "(1, 0, 1, 1, 1, 0)": {"0": 0.002870219277207457, "1": 0.002536468671302081, "2": 0.002721148735094146, "3": 0.0034701918760902933}, "(1, 1, 1, 1, 1, 1)": {"0": 0.0029214997521265795, "1": 0.0018522126030758967, "2": 0.0017784563445415987, "3": 0.0031252132163740506}, "(1, 0, 0, 0, 0, 1)": {"0": -0.00014770595870267078, "1": -0.001685671935587075, "2": 0.0053366176721250285, "3": 0.001809983115987629}, "(0, 0, 1, 0, 1, 1)": {"0": -1.6800914268932932e-05, "1": -0.0006017856978181089, "2": 8.286195698555812e-06, "3": 0.004865574156202705}, "(0, 1, 1, 0, 1, 0)": {"0": 0.0024261413547607214, "1": 0.0013274759535228686, "2": 0.0026914099328643813, "3": 0.005245322338226482}, "(1, 0, 0, 0, 1, 0)": {"0": 0.00489155871669623, "1": 0.010287506441386082, "2": 0.005571090103540106, "3": 0.0025895361490610837}, "(1, 1, 0, 0, 1, 1)": {"0": -0.0009182299866786325, "1": 0.001756614946718553, "2": 3.532248148507269e-06, "3": 0.004127529001918371}, "(1, 1, 0, 0, 0, 0)": {"0": 0.005435093897141948, "1": 0.003271552188676136, "2": 0.0005100753235319265, "3": 0.002152047774159765}, "(0, 1, 0, 1, 1, 0)": {"0": -0.0007856687149915498, "1": 0.0024211167326356705, "2": -0.0009597562848155769, "3": 0.004387199258075131}, "(1, 0, 0, 1, 0, 0)": {"0": 9.506037348141596e-05, "1": -0.0005222785941428603, "2": 0.0016886004875389243, "3": 0.005249416907805791}, "(0, 1, 0, 1, 0, 1)": {"0": 0.0006492227626908477, "1": 0.009641602336043362, "2": 0.002300740808067664, "3": 0.003994158537058175}, "(1, 1, 0, 1, 1, 1)": {"0": 0.0033030164165192746, "1": 0.008145997936595923, "2": 0.0006141730331600274, "3": 0.0023409102286260828}, "(0, 0, 1, 1, 1, 0)": {"0": 0.001689249431023284, "1": 0.00044302244992728375, "2": 0.0008065777582653181, "3": 0.003990772928226097}, "(0, 0, 0, 0, 1, 0)": {"0": 0.002475502637164175, "1": -0.0006629095952606523, "2": -0.0008119784726449129, "3": 0.007604755097372113}, "(0, 1, 0, 0, 1, 0)": {"0": -0.0006208376102479929, "1": 0.0019267486510261113, "2": 0.010562028078945077, "3": 0.0}, "(0, 0, 0, 1, 0, 0)": {"0": 0.0007629045720423853, "1": 0.0005800622606764326, "2": -0.001624662044936873, "3": 0.004232626308397721}, "(0, 0, 0, 1, 1, 1)": {"0": 0.002195999704305174, "1": 0.0068435217362582046, "2": 0.006255774893347428, "3": 0.0014621611269639242}, "(1, 0, 1, 0, 0, 0)": {"0": 0.0011359896145589896, "1": 0.0014676377125184942, "2": -0.0004264798713141567, "3": 0.0038436657556173183},