{"(1, 1, 1, 0, 0, 0)": {"0": 0.004212867610824604, "1": 0.0006598610691572122, "2": 0.003824265748744778, "3": 0.004220342890535302}, "(1, 1, 1, 1, 0, 1)": {"0": 0.0016290725949269266, "1": 0.001914367797384795, "2": 0.0008537085749535892, "3": 0.0036356887378979725}, "(0, 0, 1, 0, 1, 0)": {"0": 0.0021402833142741395, "1": 0.001093199568296943, "2": 0.0013232915045952717, "3": 0.004442628433570444}, "(1, 1, 1, 1, 1, 0)": {"0": 0.0024927573510070285, "1": 0.0025766337399519093, "2": 0.0012894222276835072, "3": 0.0032598919569737286}, "(0, 1, 1, 0, 0, 1)": {"0": 0.0006965368995033273, "1": 0.001993549152754195, "2": 0.0010910603693355882, "3": 0.004516120269664435}, "(1, 1, 0, 0, 1, 0)": {"0": 0.005180512874966524, "1": 0.0007966501366053395, "2": 0.002238106168820029, "3": 0.0010065790915109276}, "(1, 0, 1, 1, 0, 0)": {"0": 0.0042704577782247625, "1": -0.0021430085312276865, "2": 0.0018696314822070046, "3": 0.008636045707094232}, "(1, 0, 0, 0, 0, 0)": {"0": 0.004183965378852584, "1": 0.013664382218878246, "2": 0.004492041745161537, "3": 0.00048498941439266283}, "(0, 1, 0, 1, 0, 0)": {"0": 0.0033524504346510733, "1": 0.0008995308285877443, "2": 0.006113031328665365, "3": 0.0020899553950806875}, "(1, 0, 1, 0, 1, 1)": {"0": -0.00014314846307053532, "1": -0.0047730173064375134, "2": 0.0027014624374905897, "3": 0.006344215243149177}, "(1, 0, 0, 1, 1, 1)": {"0": 0.0017333459449675145, "1": 0.0028876512197146, "2": 0.001215473575352132, "3": 0.0058308794335521896}, "(1, 1, 0, 1, 1, 0)": {"0": 0.00030997700802527664, "1": 0.00022019716165156712, "2": 0.0022169122254796663, "3": 0.0034927444752246737}, "(0, 1, 0, 0, 0, 1)": {"0": 0.006613769082724705, "1": 0.0012304414010292568, "2": 0.0018721509495516313, "3": 0.0011741752809106324}, "(0, 1, 1, 1, 1, 1)": {"0": 0.0003342727705015258, "1": 0.0008044918719836822, "2": 0.0013768714804676641, "3": 0.0030527861645526957}, "(0, 0, 1, 0, 0, 1)": {"0": -6.281868910241247e-06, "1": 0.009428999086672244, "2": -0.0002099635510285098, "3": 0.0016095095534223761}, "(0, 0, 0, 1, 1, 0)": {"0": 0.004456265707078235, "1": 0.006945801781716607, "2": 0.007912789834872574, "3": 0.009562337018929291}, "(1, 1, 0, 1, 0, 1)": {"0": 0.0016526554495481668, "1": -0.0031208985230852934, "2": 0.0020211425626440087, "3": 0.003754794128512816}, "(0, 0, 1, 1, 0, 0)": {"0": 0.0014711563292608312, "1": 0.0028962326263908067, "2": 0.006508070415455499, "3": 0.0}, "(1, 1, 1, 0, 1, 1)": {"0": 0.0043597701707465165, "1": 0.003809101029963397, "2": 0.0033714668860053017, "3": 0.0031941006821976556}, "(0, 0, 0, 0, 0, 0)": {"0": -0.0004079695483103607, "1": -0.001255073582666382, "2": 0.005281255345478828, "3": 0.00020227798647813697}, "(1, 1, 0, 0, 0, 1)": {"0": 0.004563726925892311, "1": -0.0021009261371224787, "2": 0.001642443376456141, "3": 0.0001605710180202216}, "(1, 0, 0, 0, 1, 1)": {"0": 0.0013182359626524932, "1": 0.004430465509362151, "2": 0.004244259424624503, "3": 0.011907947689235601}, "(1, 0, 1, 1, 1, 1)": {"0": 0.0027323399152946216, "1": 0.002208308683730796, "2": 0.00263947871328132, "3": 0.0049544811677765584}, "(1, 1, 1, 1, 0, 0)": {"0": 0.0018016776968387146, "1": 0.002825486725365927, "2": 0.00225263150075387, "3": 0.0034327399278167507}, "(0, 1, 1, 0, 0, 0)": {"0": 0.0006780593313880656, "1": 7.942198288297606e-06, "2": 0.0024533534828908576, "3": 0.005003903781415584}, "(0, 1, 1, 0, 1, 1)": {"0": 0.0008674740549383796, "1": 0.0017654707526644975, "2": 0.004307930849425297, "3": 0.0021258592353951555}, "(1, 0, 1, 0, 1, 0)": {"0": 0.0017844281532755244, "1": 0.005113906747122716, "2": 0.002513942429659245, "3": 0.005615726827348215}, "(0, 1, 0, 1, 1, 1)": {"0": 0.0004042368520109942, "1": -0.00027272830791916306, "2": -0.00029397010526930505, "3": 0.003487588113770562}, "(0, 0, 0, 0, 1, 1)": {"0": 0.0028742736260309676, "1": 0.004813704842389326, "2": 0.019971379983646474, "3": 0.0020589335744474377}, "(0, 0, 1, 1, 1, 1)": {"0": 0.0004988943232226242, "1": -0.0013808361427838298, "2": 0.0034935331018461167, "3": 0.004794869191317376}, "(1, 0, 0, 1, 1, 0)": {"0": 0.004288002820934226, "1": 0.0012436419727411899, "2": 0.0023432538891864905, "3": 0.00613401167395271}, "(0, 1, 1, 1, 1, 0)": {"0": 0.001881418579094984, "1": 0.0009986151777949847, "2": 0.001494488586848401, "3": 0.0031928348717800265}, "(0, 0, 1, 0, 0, 0)": {"0": -0.0002697928798913352, "1": 0.011446550382306133, "2": 0.0029631784718334477, "3": 0.003175580085466494}, "(0, 1, 0, 0, 0, 0)": {"0": 0.0006441064238814491, "1": -0.00011927754030353067, "2": 0.005274905713043487, "3": 0.0007655464541996648}, "(1, 0, 0, 1, 0, 1)": {"0": 0.00023879078080250063, "1": -0.0015363994856168854, "2": 0.0, "3": 0.0035755876733034567}, "(0, 0, 0, 1, 0, 1)": {"0": -0.00022246023333674566, "1": -0.0006966405448293565, "2": -0.00012608302516890475, "3": 0.004600540689851924}, "(0, 1, 0, 0, 1, 1)": {"0": 0.0006541373929204211, "1": 0.002136276477623836, "2": 0.007248644562749784, "3": 0.0}, "(1, 0, 1, 0, 0, 1)": {"0": 0.007680112570550296, "1": -0.0020935775687407196, "2": 0.0013134036288226598, "3": 0.0015197486956565094}, "(1, 1, 1, 0, 0, 1)": {"0": 0.002657813525957774, "1": 0.0050631984981474466, "2": 0.005135597605864825, "3": 0.0032084058202347257}, "(1, 1, 0, 1, 0, 0)": {"0": 0.0031273432384579655, "1": -6.798681321378095e-05, "2": 0.0008872742249653608, "3": 0.003466065137667949}, "(1, 1, 1, 0, 1, 0)": {"0": 0.004309456367428475, "1": 0.003718585702478315, "2": 0.004250732307853879, "3": 0.00457846872364499}, "(1, 0, 1, 1, 0, 1)": {"0": 0.002667201735423189, "1": 0.013444478647336892, "2": 0.0054441629069322635, "3": 0.002550310405430358}, "(0, 1, 1, 1, 0, 1)": {"0": 0.0010659610418291654, "1": -0.001878727248424637, "2": -0.00019569823527828786, "3": 0.00340099363375924}, "(1, 0, 1, 1, 1, 0)": {"0": 0.004307781027951854, "1": 0.004784299042754335, "2": 0.004558152930335719, "3": 0.00401297381134405}, "(1, 1, 1, 1, 1, 1)": {"0": 0.0027298564284394715, "1": 0.0027915712919411918, "2": 0.002653011749424327, "3": 0.0031640291211697566}, "(1, 0, 0, 0, 0, 1)": {"0": 0.0005285824877972315, "1": -0.00046293384479432576, "2": 0.0004964251750011504, "3": 0.006770921314802007}, "(0, 0, 1, 0, 1, 1)": {"0": -7.437146263166621e-06, "1": -0.0007343554430729001, "2": -0.00037360789275561453, "3": 0.004146315172331045}, "(0, 1, 1, 0, 1, 0)": {"0": 0.0017238437046372674, "1": 0.002063532070394012, "2": -0.00021349717169329808, "3": 0.004135518092449496}, "(1, 0, 0, 0, 1, 0)": {"0": 0.007982697258168386, "1": 0.017007995739010393, "2": 0.009212125237795304, "3": 0.0048208932380699255}, "(1, 1, 0, 0, 1, 1)": {"0": 0.0008030357209933072, "1": 0.0017748811115427426, "2": 0.003852413638497225, "3": 0.004057614103880576}, "(1, 1, 0, 0, 0, 0)": {"0": 0.00030763890242638454, "1": 0.0020174550680109064, "2": 0.004197298386565734, "3": 0.0012321432108811487}, "(0, 1, 0, 1, 1, 0)": {"0": 0.00035730748381185816, "1": 0.002002402125444007, "2": 0.0016163710820749312, "3": 0.003420857115582788}, "(1, 0, 0, 1, 0, 0)": {"0": -0.00031551654662562395, "1": 0.00025399286797851337, "2": -0.0003018090123460662, "3": 0.004029970864213186}, "(0, 0, 1, 1, 1, 0)": {"0": 0.002257160441999629, "1": 0.0019996878791476488, "2": 0.001527495115512428, "3": 0.0045179044703588505}, "(1, 1, 0, 1, 1, 1)": {"0": 0.0009232612782756658, "1": 0.004126648519723361, "2": 0.000606869733655844, "3": 0.0033624815489248375}, "(0, 1, 0, 1, 0, 1)": {"0": 0.0013958295607146526, "1": 0.00045607662850731567, "2": 0.005108430806339586, "3": 0.00285226767672396}, "(0, 0, 0, 0, 1, 0)": {"0": 0.017492465554900784, "1": 0.0, "2": 0.0038885931453895243, "3": 0.0}, "(0, 1, 0, 0, 1, 0)": {"0": 1.2242834723799584e-05, "1": 0.00012369328802197467, "2": 0.0027657407885295516, "3": 0.0037447211248134637}, "(0, 0, 0, 1, 0, 0)": {"0": 0.0057895759633965335, "1": -0.0007469862646598108, "2": 0.0006031103225860311, "3": 0.0}, "(0, 0, 0, 1, 1, 1)": {"0": 0.005144964240567747, "1": 0.012266531115714708, "2": 0.003112697466817722, "3": 0.0026782077829468776},